Wall time,Step,Value
1615248583.4233575,5000,0.13048632442951202
1615248782.0489793,10000,0.11727941036224365
1615248979.8709679,15000,0.1121111586689949
1615249178.03559,20000,0.11001535505056381
1615249613.6674123,25000,0.1076098307967186
1615249812.043174,30000,0.10947613418102264
1615250009.5187256,35000,0.10974104702472687
1615250206.7421033,40000,0.10632182657718658
1615250404.5595293,45000,0.10590176284313202
